Tm,Total,Home,Away,Week 1,Week 2,Week 3,Week 4,Week 5,Week 6,Week 7,Week 8,Week 9,Week 10,Week 11,Week 12,Week 13,Week 14,Week 15,Week 16,Week 17,Week 18,Year
Arizona Cardinals,1141794,586830,554964,63697,61707,63243,69810,63919,68867,63290,66742,63982,71752,78427,63628,Bye,63251,75179,63393,69269,71638,2022
Atlanta Falcons,1167681,626248,541433,70078,71802,68773,69435,68299,69813,66158,68996,69299,72029,69757,53864,70325,Bye,70041,70467,69269,69276,2022
Baltimore Ravens,1185526,564714,620812,78827,70582,65878,70494,70548,78019,70461,68912,70010,Bye,70677,59560,70443,66326,67431,70467,71042,65849,2022
Buffalo Bills,1107077,547450,559627,73846,70683,66206,70494,70764,73586,Bye,70863,83135,70844,52146,66553,65878,70603,70794,59929,Bye,70753,2022
Carolina Panthers,1201413,642167,559246,72205,73843,70496,69810,72321,71482,71941,68996,66160,72029,70677,70644,Bye,68672,73548,69173,69298,70118,2022
Chicago Bears,1131267,538410,592857,62159,78350,60592,74044,66929,61873,65878,93767,62377,61817,69757,77963,61233,Bye,48423,59929,66169,60007,2022
Cincinnati Bengals,1109393,463733,645660,65841,92944,73708,67260,70548,70004,66158,67431,66160,Bye,66401,69441,66243,66222,69305,65878,Bye,65849,2022
Cleveland Browns,1118849,539448,579401,72205,67431,67431,69435,67431,67431,70461,67431,Bye,66563,52146,67431,66523,66222,67431,67431,50827,65019,2022
Dallas Cowboys,1409563,841192,568371,93797,92944,79445,92946,74154,69879,93487,93767,Bye,78433,65304,93568,93086,93843,69050,93754,69292,62814,2022
Denver Broncos,1251020,607845,643175,68965,76191,77021,62332,76667,70240,76624,86215,Bye,69240,76056,70644,70443,76072,75179,71525,73571,74035,2022
Detroit Lions,1157336,570809,586527,64537,57687,66638,63920,65878,Bye,93487,61447,63379,61817,76267,66553,60743,66374,75076,69173,66169,78191,2022
Green Bay Packers,1213888,685623,528265,66959,78350,69197,78317,61024,78343,60427,70863,63379,78433,77506,69879,61233,Bye,77269,66328,78190,78191,2022
Houston Texans,1163275,543294,619981,69415,76191,60592,69071,60018,Bye,61228,68467,68831,71615,65865,66205,66523,93843,70541,66634,64581,63655,2022
Indianapolis Colts,1163736,524474,639262,69415,58360,65975,65781,76667,65749,69459,65515,65878,62197,66241,65982,93086,Bye,66801,65576,77399,63655,2022
Jacksonville Jaguars,1130728,531675,599053,58192,58360,67964,69879,60018,65749,65664,86215,62758,73493,Bye,59560,60743,68409,69050,70043,64581,70050,2022
Kansas City Chiefs,1202995,587997,614998,63697,73461,65975,68348,73523,73586,71746,Bye,73475,73493,70240,73557,66243,76072,70541,73331,73571,62136,2022
Las Vegas Raiders,1125946,496363,629583,70240,61707,68649,62332,73523,Bye,61228,70009,62758,62197,76056,68849,62123,74738,62273,64761,62367,62136,2022
Los Angeles Chargers,1175977,559644,616333,70240,73461,67964,69071,67431,70240,70240,Bye,69299,71709,70240,63628,62123,70240,70240,65576,70240,74035,2022
Los Angeles Rams,1218216,654606,563610,73846,71802,63243,71597,74154,71482,Bye,73505,69019,71752,70025,73557,71802,74738,77269,71525,70240,68660,2022
Miami Dolphins,1152651,529841,622810,65786,70582,66206,67260,82500,66100,66224,61447,62377,66563,Bye,66205,71732,70240,70794,66328,65878,66429,2022
Minnesota Vikings,1130867,600183,530684,66959,69879,66638,60639,66929,66100,Bye,66742,58651,70844,65304,66918,66973,66374,66801,66919,78190,60007,2022
New England Patriots,1151883,527024,624859,65786,67307,65878,78317,65878,67431,65878,82823,65878,Bye,65878,66918,65878,63251,62273,65878,65878,70753,2022
New Orleans Saints,1168868,621249,547619,70078,70400,70496,60639,70003,70004,63290,70009,70010,66544,70025,71275,68709,Bye,70041,67431,69796,70118,2022
New York Giants,1243963,688266,555697,67805,73843,79445,74044,61024,78019,65664,68921,Bye,71615,76267,93568,76128,81506,61917,66919,77399,69879,2022
New York Jets,1251761,624075,627686,78827,67431,73708,66578,82500,78343,76624,82823,83135,Bye,65878,77963,66973,70603,75076,70043,68827,66429,2022
Philadelphia Eagles,1180465,628828,551637,64537,69879,64426,69879,63919,69879,Bye,69879,68831,69879,66241,69879,69879,81506,48423,93754,69796,69879,2022
Pittsburgh Steelers,1151279,530243,621036,65841,67307,67431,66578,70764,67307,66224,69879,Bye,66544,66401,65982,70325,66326,73548,64761,71042,65019,2022
San Francisco 49ers,1209231,644661,564570,62159,71597,77021,71597,72321,69813,71746,73505,Bye,71709,78427,71275,71732,71725,68957,71642,62367,71638,2022
Seattle Seahawks,1174177,619491,554686,68965,71597,68773,63920,70003,68867,70240,68921,63982,69811,Bye,68849,71802,68672,68957,73331,68827,68660,2022
Tampa Bay Buccaneers,1196168,620898,575270,93797,70400,69197,68348,68299,67307,71941,68912,69019,69811,Bye,67431,68709,71725,69305,63393,69298,69276,2022
Tennessee Titans,1166846,548929,617917,67805,70683,68649,65781,51836,Bye,69459,68467,73475,69240,77506,69441,69879,68409,70240,66634,69292,70050,2022
Washington Commanders,1084489,522954,561535,58192,57687,64426,92946,51836,61873,60427,65515,58651,69879,65865,53864,76128,Bye,61917,71642,50827,62814,2022
Arizona Cardinals,1090961,500981,589980,67216,60115,58012,70003,62716,67431,60297,63696,59012,62400,68833,Bye,60803,63999,45211,63900,93459,63858,2021
Atlanta Falcons,1173982,540764,633218,68633,63694,75307,68333,60589,Bye,62739,68583,69170,93436,68286,60031,69366,72243,71650,68638,64948,68336,2021
Baltimore Ravens,1141157,634840,506317,61756,70417,50788,76490,70510,70704,70659,Bye,70599,65948,60679,70355,59303,67431,70815,63922,70328,70453,2021
Buffalo Bills,1093983,610352,483631,69787,65040,68434,68087,73389,69419,Bye,69355,63110,77625,69866,69170,69694,,65398,65878,64948,64783,2021
Carolina Panthers,1202133,575249,626884,70211,70675,68320,93262,72545,72104,71889,68583,72203,62400,73350,62389,Bye,72243,65398,71918,69170,65473,2021
Chicago Bears,1079841,486675,593166,70445,60840,67431,61468,59122,62332,65635,60877,60788,Bye,60679,56355,60803,78273,60082,68492,59594,66625,2021
Cincinnati Bengals,1056115,542929,513186,56525,60840,58076,63198,64195,50831,70659,67503,65451,Bye,61712,63238,51414,50481,76134,63922,64505,67431,2021
Cleveland Browns,1092573,539448,553125,72973,67431,67431,66703,70240,67431,67431,67431,65451,65878,67431,70355,Bye,67431,,77901,63624,67431,2021
Dallas Cowboys,1366866,747368,619498,65566,70240,93267,93262,93476,65878,Bye,66633,93503,93436,73494,93483,69170,61308,77413,93482,93459,69796,2021
Denver Broncos,1243881,686129,557752,74119,58461,75882,76490,59841,76854,67431,75973,93503,76766,Bye,75807,73185,76211,76134,60972,70240,76012,2021
Detroit Lions,1027002,412177,614825,59374,77240,50788,61468,66538,50831,70540,47192,Bye,58716,67431,56355,45691,76211,45211,68638,68043,56735,2021
Green Bay Packers,1187232,623929,563303,35242,77240,69853,78281,64195,62332,78219,63696,73476,78235,66959,77948,Bye,78273,70815,77901,77832,56735,2021
Houston Texans,1114558,601305,513253,68105,67431,68320,68087,68450,57947,60297,66013,60232,Bye,67395,65120,65291,67610,60252,65674,71612,66722,2021
Indianapolis Colts,1081420,562276,519144,63347,63076,67914,64571,70510,57947,56576,59175,59593,60622,69866,66140,65291,Bye,66391,63900,65985,60516,2021
Jacksonville Jaguars,1070491,539716,530775,68105,58461,58012,63198,58282,60784,Bye,67243,63110,60622,60268,60031,70801,67808,60252,67120,65878,60516,2021
Kansas City Chiefs,1192945,659044,533901,72973,70417,72980,69796,73389,51322,69484,72898,73476,62125,73494,Bye,73185,73278,70240,73371,64505,76012,2021
Las Vegas Raiders,1068732,550673,518059,61756,63707,59311,70240,59122,76854,62000,Bye,74512,62125,61712,93483,61607,73278,,60972,65985,62068,2021
Los Angeles Chargers,1153356,632160,521196,52753,70240,72980,70240,70240,70704,Bye,70240,69796,70240,70240,75807,51414,70240,70240,65674,70240,62068,2021
Los Angeles Rams,1187786,572791,614995,70445,63076,73205,70003,68747,73920,70540,66013,71785,64256,Bye,77948,70801,63999,71565,66708,70328,74447,2021
Miami Dolphins,1110828,579366,531462,65878,65040,59311,64571,65570,60784,62739,69355,60232,65948,72303,62389,65898,Bye,66035,69170,69091,66514,2021
Minnesota Vikings,1118294,533613,584681,56525,60115,66729,66703,66538,72104,Bye,66633,70599,70240,66959,71493,45691,66718,60082,66708,77832,66625,2021
New England Patriots,1150306,592902,557404,65878,75626,65878,65878,68450,65878,65878,70240,72203,65878,68286,65878,69694,Bye,66391,65878,65878,66514,2021
New Orleans Saints,1117104,519432,597672,35242,70675,65878,69170,50137,Bye,68563,69170,69170,69414,69796,69170,69170,69129,65744,69170,69170,68336,2021
New York Giants,1207885,591052,616833,74119,50118,75307,69170,93476,73920,71889,72898,74512,Bye,65643,73969,65898,70240,77413,69796,59594,69923,2021
New York Jets,1173183,645092,528091,70211,75626,75882,70232,60589,Bye,65878,67503,59593,77625,72303,65120,73311,69129,66035,67120,72243,64783,2021
Philadelphia Eagles,1177614,558368,619246,68633,69796,93267,69796,72545,69796,62000,47192,69796,76766,69796,73969,73311,Bye,69796,69796,51563,69796,2021
Pittsburgh Steelers,1103916,544397,559519,69787,63707,58076,78281,59841,60821,Bye,67431,60788,58716,70240,63238,59303,66718,59521,73371,63624,70453,2021
San Francisco 49ers,1109442,533364,576078,59374,69796,69853,68912,62716,Bye,56576,60877,59012,64256,60268,71493,68758,50481,71650,69361,71612,74447,2021
Seattle Seahawks,1141021,547264,593757,63347,68585,66729,68912,68747,60821,68563,67243,Bye,78235,68833,52680,68758,67610,71565,68492,68043,63858,2021
Tampa Bay Buccaneers,1067169,457325,609844,65566,63694,73205,65878,65570,69796,65635,69170,Bye,52128,65643,66140,69366,,65744,71918,72243,65473,2021
Tennessee Titans,1137282,617102,520180,67216,68585,67914,70232,58282,69419,69484,59175,71785,69414,67395,65878,Bye,67808,59521,69361,69091,66722,2021
Washington Commanders,1081126,422009,659117,52753,50118,68434,68333,50137,51322,78219,75973,Bye,52128,73350,52680,61607,61308,69796,93482,51563,69923,2021
Arizona Cardinals,1000509,490586,509923,60687,70126,60104,60500,46012,60140,73577,73064,60986,40038,69419,Bye,60944,63880,63345,69022,68665,,2019
Atlanta Falcons,1099463,572811,526652,66714,72443,60295,72108,71787,60140,71856,71483,Bye,73283,73106,71463,71993,70592,70910,70873,50417,,2019
Baltimore Ravens,1091363,565020,526343,65012,70126,73390,70686,64037,70051,69012,Bye,71157,45918,70731,72409,71029,69134,70545,67431,70695,,2019
Buffalo Bills,1123350,550713,572637,78523,74569,69448,70317,66910,Bye,68340,69435,67685,67431,64187,67338,90445,69134,64694,65878,69016,,2019
Carolina Panthers,1122333,577765,544568,72005,71101,60104,71699,72762,60087,Bye,69083,72540,78090,73106,73068,71504,70592,72544,61845,72203,,2019
Chicago Bears,1051152,495332,555820,62435,76885,67327,62131,60463,Bye,62306,61632,69796,61758,70758,61581,65412,61276,78266,62213,66913,,2019
Cincinnati Bengals,907640,377432,530208,68710,50666,69448,57959,46012,70051,42784,83720,Bye,45918,51921,47423,39804,67431,57066,60968,47759,,2019
Cleveland Browns,1075124,539448,535676,67431,78523,67431,70686,70585,67431,Bye,65878,76743,67431,67431,67431,62157,67431,63345,67431,47759,,2019
Dallas Cowboys,1289027,727432,561595,90353,75128,90127,73086,93024,78523,91213,Bye,76107,91188,61801,65878,90445,61276,90436,69796,90646,,2019
Denver Broncos,1104191,607497,496694,52359,76885,78078,76219,25357,75815,76748,61653,76743,Bye,66883,67338,74638,71769,73257,74115,76334,,2019
Detroit Lions,1011888,490737,521151,60687,60158,69796,65188,Bye,76947,60314,58509,53318,61758,61801,57754,65412,66776,56515,74115,62840,,2019
Green Bay Packers,1154661,622762,531899,62435,78416,78078,77509,93024,76947,78160,73558,25435,78090,Bye,71500,75950,77296,78266,67157,62840,,2019
Houston Texans,1075836,574345,501491,73039,71651,25349,71699,71787,73323,59977,71893,84771,Bye,70731,71727,72025,71769,65265,49036,71794,,2019
Indianapolis Colts,965049,488886,476163,25363,62849,60295,62259,73352,Bye,59977,61653,61115,60510,61986,71727,60361,50232,73053,61845,58472,,2019
Jacksonville Jaguars,1014675,504686,509989,60157,71651,58613,76219,72762,64341,42784,57833,84771,Bye,61986,60926,62633,57866,52788,70873,58472,,2019
Kansas City Chiefs,1115771,587723,528048,60157,52748,73390,65188,73352,73323,76748,73558,73615,68864,76252,Bye,73548,65878,73257,62213,73680,,2019
Los Angeles Chargers,760644,254007,506637,25363,60158,25349,64278,25357,25425,62431,61632,25435,51954,76252,Bye,74638,57866,25446,25380,73680,,2019
Los Angeles Rams,1147715,582325,565390,72005,71460,67431,68117,68988,75695,71856,83720,Bye,63627,70758,72409,60944,71501,90436,70103,68665,,2019
Miami Dolphins,1067487,504540,562947,65012,65513,90127,64278,Bye,59808,68340,59244,59229,60510,64187,67431,65545,78523,72894,60968,65878,,2019
Minnesota Vikings,1070025,534794,535231,66714,78416,66738,62131,75041,66837,60314,66776,73615,91188,66883,Bye,69080,66776,25446,67157,66913,,2019
New England Patriots,1087904,527024,560880,65878,65513,65878,70317,76483,65878,78523,65878,71157,Bye,69796,65878,72025,65878,57066,65878,65878,,2019
New Orleans Saints,1117057,584660,532397,73039,71460,69005,73086,73029,64341,62306,73064,Bye,73283,54333,73068,71993,73038,73053,66756,72203,,2019
New York Giants,1143109,597316,545793,90353,74569,55070,74149,75041,65878,73577,58509,76107,78523,Bye,61581,75950,69796,72894,66083,75029,,2019
New York Jets,1116711,628184,488527,78523,78523,65878,Bye,69796,78523,78523,57833,59229,78523,56426,78523,39804,78523,70545,78523,69016,,2019
Oakland Raiders,961146,428311,532835,52359,52748,66738,62259,60463,Bye,78160,71893,53318,51954,51921,78523,73548,52760,52788,25380,76334,,2019
Philadelphia Eagles,1139525,558268,581257,69696,72443,69796,77509,69796,66837,91213,69435,69796,Bye,69796,69796,65545,69796,63246,69796,75029,,2019
Pittsburgh Steelers,986590,497896,488694,65878,65063,69439,57959,64037,25425,Bye,59244,61115,63627,67431,47423,62157,63880,64694,78523,70695,,2019
San Francisco 49ers,1080454,562443,518011,55976,50666,69439,Bye,70585,75695,61459,69083,60986,71404,69419,71500,71029,73038,70910,70103,69162,,2019
Seattle Seahawks,1101649,551927,549722,68710,65063,69005,60500,68988,67431,69012,71483,68948,71404,Bye,69796,69080,71501,72544,69022,69162,,2019
Tampa Bay Buccaneers,949068,415189,533879,55976,71101,55070,68117,73029,60087,Bye,62073,68948,40038,54333,71463,62633,50232,56515,49036,50417,,2019
Tennessee Titans,1047496,516074,531422,67431,62849,58613,72108,66910,75815,62431,62073,72540,68864,Bye,60926,60361,52760,65265,66756,71794,,2019
Washington Commanders,1101466,523906,577560,69696,75128,67327,74149,76483,59808,61459,66776,67685,Bye,56426,57754,71504,77296,63246,66083,90646,,2019
Arizona Cardinals,1018127,496111,522016,61613,66515,62163,61845,68337,66801,62359,61923,Bye,76712,62435,25343,77234,62014,72084,61759,68990,,2018
Atlanta Falcons,1119143,583184,535959,69696,72528,74457,71985,64781,72665,72756,Bye,62386,62144,74447,73017,72262,77329,72084,73722,52884,,2018
Baltimore Ravens,1053383,563451,489932,70591,50018,70156,62030,67431,64441,70639,73843,70997,Bye,70077,70035,72262,74336,70031,25571,70925,,2018
Buffalo Bills,1072899,519695,553204,70591,69187,66800,78312,68202,71638,56848,70109,68749,77982,Bye,57799,65155,59119,59110,65878,67420,,2018
Carolina Panthers,1102756,590182,512574,74532,72528,72161,Bye,74221,60482,69696,73843,73513,62881,61999,74002,52568,59392,74188,73722,73028,,2018
Chicago Bears,1045568,490750,554818,78282,57960,62163,61893,Bye,65791,62389,61397,68749,61393,61651,65684,76465,61695,62372,70806,66878,,2018
Cincinnati Bengals,911289,406028,505261,58699,50018,72161,71985,52708,60594,75676,45134,Bye,52492,70077,56122,44392,25358,44568,67431,63874,,2018
Cleveland Browns,1045441,526122,519319,67431,73086,67431,53387,67431,67431,53682,63780,67431,62144,Bye,56122,71741,59392,76596,67431,70925,,2018
Dallas Cowboys,1303393,732958,570435,74532,90512,69047,90155,72008,90767,66301,Bye,90466,69696,74447,92076,93004,93127,66654,92851,77750,,2018
Denver Broncos,1092324,611571,480753,76761,76696,70156,76656,77982,76109,62359,77103,76270,Bye,25462,76536,44392,69449,76596,53850,75947,,2018
Detroit Lions,1054328,502061,552267,61352,70164,61769,90155,63405,Bye,65265,65237,66825,61393,61999,65684,60974,62014,59110,61641,77341,,2018
Green Bay Packers,1163842,622677,541165,78282,78461,59827,78312,63405,77642,Bye,75822,65878,78076,69007,66872,77234,77329,62372,77982,77341,,2018
Houston Texans,1112480,574439,538041,65878,62372,71838,57716,72008,71638,66534,71726,76270,Bye,61593,71826,71741,71814,77982,69696,71848,,2018
Indianapolis Colts,1006361,473598,532763,58699,57013,69696,57716,65878,77982,56848,54372,Bye,57473,57401,57069,67030,71814,66654,61738,68978,,2018
Jacksonville Jaguars,1109899,552589,557310,77992,68527,64015,65353,75289,90767,66534,85870,Bye,57473,67683,57799,67030,60344,67577,65798,71848,,2018
Kansas City Chiefs,1107376,607780,499596,25351,63956,76023,76656,75289,65878,75676,77103,67431,76712,77002,Bye,54255,74336,75091,69067,77550,,2018
Los Angeles Chargers,803556,262145,541411,25351,69187,68947,25397,25362,67431,84301,Bye,68989,54750,25462,25343,61069,25358,75091,25571,75947,,2018
Los Angeles Rams,1102409,579439,522970,53857,66515,68947,72027,68893,76109,66597,75822,73086,72755,77002,Bye,60974,61695,74210,61759,72161,,2018
Miami Dolphins,1062180,524480,537700,65184,77982,65667,65878,52708,65791,65265,71726,65533,78076,Bye,57069,65155,66087,66841,65798,67420,,2018
Minnesota Vikings,1090834,534491,556343,66673,78461,66800,72027,69696,66801,77982,66801,66825,Bye,61651,66872,65878,69007,66841,61641,66878,,2018
New England Patriots,1068530,527024,541506,65878,68527,61769,65878,65878,65878,62389,70109,65878,69363,Bye,77982,65878,66087,65280,65878,65878,,2018
New Orleans Saints,1147700,584411,563289,73038,73086,74457,78213,73028,Bye,70639,66801,73086,52492,73042,73017,93004,53495,74188,73086,73028,,2018
New York Giants,1183132,615525,567607,77992,90512,71838,78213,74221,77167,72756,77537,Bye,69409,75863,69696,76465,57437,74538,61738,77750,,2018
New York Jets,1130823,623856,506967,61352,77982,67431,65353,77982,77982,77982,61397,65533,77982,Bye,77982,60904,59119,77982,77982,65878,,2018
Oakland Raiders,955258,463353,491905,53857,76696,65667,53387,25362,84922,Bye,54372,69592,54750,62435,70035,54255,53960,44568,53850,77550,,2018
Philadelphia Eagles,1149737,557568,592169,69696,56552,69696,69013,69696,77167,69696,85870,Bye,69696,73042,69696,69696,93127,74210,69696,63188,,2018
Pittsburgh Steelers,1040509,507651,532858,67431,63956,62571,62030,64781,60594,Bye,63780,70997,62881,67683,76536,61069,53960,65280,73086,63874,,2018
San Francisco 49ers,1052454,553190,499264,66673,70164,76023,25397,68337,77642,66597,61923,69592,69409,Bye,50436,69009,69449,68836,70806,72161,,2018
Seattle Seahawks,1114327,552009,562318,76761,57960,69047,61845,68893,84922,Bye,65237,68989,72755,69007,74002,69009,69007,68836,69067,68990,,2018
Tampa Bay Buccaneers,999843,434855,564988,73038,56552,62571,61893,Bye,72665,53682,45134,73513,52667,75863,50436,52568,53495,70031,92851,52884,,2018
Tennessee Titans,1092094,516161,575933,65184,62372,64015,69013,68202,64441,84301,Bye,90466,69363,57401,71826,60904,60344,74538,60746,68978,,2018
Washington Commanders,1043167,488227,554940,61613,57013,59827,Bye,73028,60482,66301,77537,62386,52667,61593,92076,69696,57437,67577,60746,63188,,2018
Arizona Cardinals,1063084,513741,549343,60957,63137,65102,64121,69596,63999,73736,Bye,70133,64639,71680,63891,63986,64153,71026,63850,69078,,2017
Atlanta Falcons,1123058,575681,547377,61857,70826,63240,71273,Bye,70593,65878,77562,74244,73761,69026,71036,71185,72866,62382,73188,74141,,2017
Baltimore Ravens,1088056,564709,523347,55254,70605,84592,71126,54980,70616,66751,70408,67322,Bye,77945,70357,70500,60069,56434,70590,70507,,2017
Buffalo Bills,1040917,534200,506717,68751,74122,68865,71273,52367,Bye,68561,69599,77562,67501,25015,74929,68499,60222,62202,65878,65571,,2017
Carolina Panthers,1133961,588942,545019,70178,74122,73775,65878,64288,74373,61256,58545,74244,72790,Bye,77562,73171,73728,74447,71463,74141,,2017
Chicago Bears,1021219,488137,533082,61857,56640,61172,78362,61834,70616,61256,73192,Bye,61285,60635,69596,61302,52002,65872,58796,66802,,2017
Cincinnati Bengals,978253,425937,552316,55254,52942,78323,67431,52367,Bye,65363,57901,60720,67432,75707,51710,56029,52002,66833,47732,70507,,2017
Cleveland Browns,968007,511060,456947,67431,70605,63351,67431,62032,71815,59061,74237,Bye,64646,57003,51710,25320,67431,56434,58796,50704,,2017
Dallas Cowboys,1309211,741775,567436,93183,76919,65102,91869,93329,Bye,70133,78428,93273,73761,93247,93012,91712,78125,55372,92150,69596,,2017
Denver Broncos,1106590,610846,495744,76324,76919,68865,76909,Bye,76721,25388,76573,69596,76820,75707,53930,65092,75518,63411,72889,75928,,2017
Detroit Lions,1046765,513100,533665,60957,77004,63240,66730,64288,73117,Bye,64983,77575,64646,60635,66613,70500,60372,65872,47732,62501,,2017
Green Bay Packers,1183556,624742,558814,78381,70826,78323,78362,93329,66848,78380,Bye,77575,61285,77945,62147,77684,67431,74447,78092,62501,,2017
Houston Texans,1080447,574197,506250,71710,52942,65878,71804,71835,71815,Bye,69025,71709,60032,71680,70357,62758,71802,64701,71842,60557,,2017
Indianapolis Colts,1022042,507525,514517,60128,63137,63351,68872,65612,63888,63104,57901,71709,66146,Bye,62207,61207,60222,63411,70590,60557,,2017
Jacksonville Jaguars,1049568,514427,535141,71710,61709,84592,77562,66237,56232,63104,Bye,60720,60835,57003,63891,61207,64431,64701,70133,65501,,2017
Kansas City Chiefs,1134166,592851,541315,65878,74971,25386,74587,71835,76994,55090,76573,93273,Bye,76363,74929,77562,74461,75011,65325,75928,,2017
Los Angeles Chargers,783367,202687,580680,76324,25381,25386,25374,77373,54685,25388,65878,Bye,60835,25015,93012,25320,25393,75011,77562,25430,,2017
Los Angeles Rams,1062261,507136,555125,60128,56612,70178,91869,60745,56232,73736,Bye,76877,60032,66809,62006,63986,67752,69077,60097,66125,,2017
Miami Dolphins,1051161,541022,510139,Bye,25381,77562,84423,65135,70593,65025,70408,65139,72790,65089,65878,65092,65548,62202,65325,65571,,2017
Minnesota Vikings,1099905,533769,566136,66606,65971,66390,66730,61834,66848,66751,74237,Bye,74476,66809,66613,71185,73728,66833,78092,66802,,2017
New England Patriots,1099028,527024,572004,65878,73168,65878,65878,64476,77562,65878,65878,Bye,76820,77357,65878,68499,65548,68574,65878,65878,,2017
New Orleans Saints,1146046,585113,560933,66606,73168,73775,84423,Bye,73117,78380,73192,73121,67501,73138,62006,73171,72866,73018,73188,55376,,2017
New York Giants,1183037,617434,565603,93183,77004,69596,63916,77373,76721,78527,Bye,76877,70133,76363,73210,54994,78125,76896,63850,76269,,2017
New York Jets,1143358,620496,522862,68751,54729,77562,77562,62032,77562,65025,77562,77562,57911,Bye,77562,77562,75518,73018,77562,65878,,2017
Oakland Raiders,988483,461137,527346,69089,54729,77123,76909,54980,54685,55090,69599,65139,Bye,77357,53930,54994,74461,55372,69596,25430,,2017
Philadelphia Eagles,1117141,556768,560373,78685,74971,69596,25374,69596,74373,69596,69596,69596,Bye,93247,69596,69075,67752,76896,69596,69596,,2017
Pittsburgh Steelers,1035491,499768,535723,67431,65971,61172,71126,66237,76994,65363,64983,Bye,66146,60703,62147,56029,60069,68574,71842,50704,,2017
San Francisco 49ers,1104010,561155,542855,70178,68729,70178,64121,65612,75568,70133,69596,70133,70133,Bye,70134,61302,71802,70133,70133,66125,,2017
Seattle Seahawks,1129943,551809,578134,78381,68729,69127,68872,60745,Bye,78527,69025,68927,64639,69026,70134,69075,64431,69077,92150,69078,,2017
Tampa Bay Buccaneers,1036961,479618,557343,Bye,56640,66390,63916,64476,63999,68561,58545,73121,57911,65089,71036,77684,60372,62382,71463,55376,,2017
Tennessee Titans,1040119,525214,514905,69089,61709,69127,71804,65135,63888,59061,Bye,67322,67432,60703,62207,62758,64153,70133,60097,65501,,2017
Washington Commanders,1137639,601405,536234,78685,56612,77123,74587,Bye,75568,69596,78428,68927,74476,73138,73210,91712,25393,71026,72889,76269,,2017
Arizona Cardinals,1083135,518652,564483,64864,64230,68647,64622,70178,64709,65089,74088,Bye,65127,66808,69233,64939,65750,65072,69050,80729,,2016
Atlanta Falcons,1116392,559998,556394,69382,54081,73003,70508,76802,69071,69832,70165,57797,69596,Bye,69233,69879,82495,70164,73549,70835,,2016
Baltimore Ravens,1134133,568823,565310,71104,67431,60127,71152,71318,78487,78160,Bye,71286,70921,93056,70903,70916,66829,71223,66276,54944,,2016
Buffalo Bills,1098702,548073,550629,71104,70256,68647,66829,83679,70003,65658,70442,69084,Bye,61356,67849,54759,69657,66529,64690,78160,,2016
Carolina Panthers,1159680,590343,569337,76843,74143,73813,70508,73425,73138,Bye,74088,86109,74181,73288,54909,69104,73856,76689,73549,62037,,2016
Chicago Bears,1060607,482951,577656,71933,62268,90554,60841,66622,61054,78217,60422,Bye,62898,78898,59494,59782,61726,61137,57953,66808,,2016
Cincinnati Bengals,1088770,508071,580699,78160,65072,63850,60834,91653,66829,65047,84488,Bye,76218,61356,70903,55456,60028,62096,71836,54944,,2016
Cleveland Browns,1044825,514489,530336,69596,67431,65176,76249,67431,60897,65047,67431,67431,70921,67431,60034,Bye,60028,66529,57272,55921,,2016
Dallas Cowboys,1322087,740318,581769,92867,80612,90554,70178,91653,78481,Bye,93103,67431,67737,93056,93099,66860,80874,93101,92885,69596,,2016
Denver Broncos,1133943,614193,519750,76843,76379,63850,60375,76802,58904,76865,76756,54957,73138,Bye,76819,63075,68780,76893,76671,76836,,2016
Detroit Lions,1075305,486342,588963,65566,58466,78411,60841,58047,56018,60461,71882,66807,Bye,61486,63793,73137,61726,79434,92885,66345,,2016
Green Bay Packers,1169215,625727,543488,63179,66813,78411,Bye,78401,78481,78217,70165,78437,69116,77137,69596,77867,78057,61137,77856,66345,,2016
Houston Texans,1132210,574947,557263,71933,71890,66829,71815,66683,71891,76865,71882,Bye,62091,76473,71897,77867,65250,71803,71836,65205,,2016
Indianapolis Colts,1100210,524393,575817,65566,76379,64747,83764,66622,71891,65470,65417,78437,Bye,65048,66583,78160,65250,66820,54896,65160,,2016
Jacksonville Jaguars,1031602,517172,514430,63179,52165,60127,83764,Bye,61054,62614,61619,73294,62091,61486,67849,63075,62701,71803,59621,65160,,2016
Kansas City Chiefs,1115214,586624,528590,73238,71890,71587,61278,Bye,54211,76282,65417,73294,74181,72277,76819,69879,75191,68084,76671,54915,,2016
Los Angeles Rams,1198268,665318,532950,70178,91046,55009,64622,83679,56018,74121,Bye,86109,78160,83483,73067,66829,82495,69067,83656,80729,,2016
Miami Dolphins,1073132,524101,549031,69012,66829,65176,60834,64425,65351,65658,Bye,65722,55107,83483,65856,70916,65750,78160,64690,66163,,2016
Minnesota Vikings,1084502,534289,550213,63816,66813,73813,66690,66683,Bye,69596,60422,66807,78216,66808,63793,66860,62701,66820,77856,66808,,2016
New England Patriots,1094772,534632,560140,64864,66829,66829,66829,67431,66829,66009,70442,Bye,66829,70178,78160,66829,66829,76893,66829,66163,,2016
New Orleans Saints,1141039,584876,556163,73028,77727,73003,60641,Bye,73138,76282,73188,70178,73138,73288,73067,73137,62140,65072,73177,70835,,2016
New York Giants,1217320,630315,587005,92867,77727,78368,66690,78401,78487,74121,Bye,80309,76218,78898,60034,65825,80874,79434,69596,79471,,2016
New York Jets,1168377,625280,543097,78160,70256,71587,78160,66385,64709,78160,67431,65722,78160,Bye,78160,78160,70178,78160,66829,78160,,2016
Oakland Raiders,1009172,458561,550611,73028,54081,62370,71152,54275,54211,62614,61068,54957,Bye,76473,54909,54759,75191,68352,54896,76836,,2016
Philadelphia Eagles,1125298,556768,568530,69596,62268,69596,Bye,58047,78934,69596,93103,80309,69596,69190,69596,55456,69596,71223,69596,69596,,2016
Pittsburgh Steelers,1065627,514503,551124,79124,65072,69596,61278,66385,65351,66009,Bye,71286,67737,67431,66583,65825,69657,62096,66276,55921,,2016
San Diego Chargers,998070,456197,541873,73238,52165,64747,60641,54275,58904,69832,76756,52281,55107,Bye,71897,53832,73856,68352,57272,54915,,2016
San Francisco 49ers,1119165,561424,557741,70178,74143,69010,70178,70178,70003,70178,Bye,70178,65127,70178,65856,59782,70178,70164,83656,70178,,2016
Seattle Seahawks,1138809,552588,586221,69012,91046,69010,78160,Bye,69071,65089,73188,69084,66829,69190,63674,69104,78057,69067,69050,70178,,2016
Tampa Bay Buccaneers,1054600,484998,569602,69382,64230,55009,60375,73425,Bye,70178,61068,57797,62898,72277,63674,53832,62140,93101,73177,62037,,2016
Tennessee Titans,1016507,517273,499234,63816,58466,62370,71815,64425,60897,65470,61619,52281,69116,65048,59494,Bye,68780,68084,59621,65205,,2016
Washington Commanders,1206654,626432,580222,79124,80612,78368,76249,71318,78934,60461,84488,Bye,78216,77137,93099,64939,69596,76689,57953,79471,,2016
Arizona Cardinals,1028446,513487,514959,62903,62351,63663,63146,60816,63846,64722,67431,Bye,69005,64745,70799,51115,64784,69596,64878,64646,,2015
Atlanta Falcons,1134671,562845,571826,70516,77678,90345,69904,70178,73018,63329,70524,70799,Bye,70433,70610,58221,74420,64016,70981,69699,,2015
Baltimore Ravens,1083919,568018,515901,76798,53500,70970,63929,71046,70799,64722,70829,Bye,70837,71105,64380,64519,71179,70791,71261,57254,,2015
Buffalo Bills,1140809,559047,581762,70319,70858,64869,70677,65670,69593,84021,Bye,70214,78160,66829,72493,68544,69596,80124,70172,68670,,2015
Carolina Panthers,1157689,592454,565235,60733,73254,73402,57468,Bye,69020,74194,74136,74461,63591,74418,90909,73097,74420,79436,70981,74169,,2015
Chicago Bears,1020065,496287,523778,62442,62351,69002,62409,75799,57648,Bye,62311,68033,58653,62483,78488,62088,61026,52421,63734,61177,,2015
Cincinnati Bengals,1028118,491118,537000,54500,57579,70970,57498,65004,69593,Bye,64750,65816,61381,64745,61022,64775,65564,70799,76868,57254,,2015
Cleveland Browns,1062262,529488,532774,78160,67431,67431,63710,71046,67431,51523,67431,65816,64402,Bye,64380,64775,63916,69002,69115,66693,,2015
Dallas Cowboys,1312509,731672,580837,93579,69296,90345,73009,93054,Bye,80319,91486,91827,64113,65115,90909,80444,78369,90345,70172,90127,,2015
Denver Broncos,1141878,615381,526497,76798,76404,62920,77029,54500,67431,Bye,77075,66894,76973,62483,76970,68631,76824,67234,76868,76844,,2015
Detroit Lions,1025745,490782,534963,66093,52319,62920,69005,60816,57648,60231,83624,Bye,78526,60202,64445,63207,51202,73017,61313,61177,,2015
Green Bay Packers,1147786,627308,520478,62442,78433,78214,70799,78432,78434,Bye,77075,74461,78526,52529,78488,63207,78369,55087,64878,78412,,2015
Houston Texans,1098814,574159,524655,71776,73254,71718,69904,71732,58085,65251,71630,Bye,61381,71718,71778,68544,71908,66083,62153,71899,,2015
Indianapolis Colts,1067476,528381,539095,70319,65220,65920,65609,71732,66726,66420,74136,66894,Bye,70433,65696,58701,62372,66083,65482,65733,,2015
Jacksonville Jaguars,1056511,514268,542243,60733,65443,66829,65609,58490,58085,84021,Bye,78160,70837,60121,59477,57355,62372,64016,73064,71899,,2015
Kansas City Chiefs,1130807,602228,528579,71776,76404,78214,57498,75799,52480,76365,83624,Bye,76973,65837,72493,55010,72314,70791,69115,76114,,2015
Miami Dolphins,1093320,537548,555772,76512,65443,64869,83986,Bye,62342,65251,66829,70214,69596,65115,78160,64519,65408,66676,65482,62918,,2015
Minnesota Vikings,958016,419440,538576,70499,52319,52400,77029,Bye,52480,60231,62311,52406,54700,52529,70610,52430,64784,52421,52455,78412,,2015
New England Patriots,1136287,534632,601655,66829,70858,66829,Bye,93054,66726,66829,66829,66829,81061,66829,76970,66829,71908,66829,78160,62918,,2015
New Orleans Saints,1135027,584305,550722,62903,73006,73402,73009,69296,73018,66420,73019,73075,75086,Bye,71778,73097,62138,73017,73064,69699,,2015
New York Giants,1198163,632011,566152,93579,77678,76081,70677,78515,69296,80319,73019,64351,81061,Bye,77367,80898,65408,79436,52455,78023,,2015
New York Jets,1207646,625280,582366,78160,65220,78160,83986,Bye,78160,66829,54700,78160,78160,71718,78160,80898,78160,90345,78160,68670,,2015
Oakland Raiders,970514,436397,534117,54500,53500,67431,62409,54500,Bye,67542,54700,65520,54700,60202,58075,55010,76824,55087,54400,76114,,2015
Philadelphia Eagles,1154629,555868,598761,70516,69296,78160,74767,69296,69296,74194,Bye,91827,69596,69596,64445,66829,69596,69596,69596,78023,,2015
Pittsburgh Steelers,1050712,514854,535858,66829,66472,52433,63929,67658,63846,76365,64750,65520,64402,Bye,69055,58701,65564,67234,71261,66693,,2015
San Diego Chargers,1056457,534180,522277,66093,57579,52400,63710,67658,78434,67542,70829,68033,Bye,65837,59477,68631,72314,66676,54400,76844,,2015
San Francisco 49ers,1082259,566092,516167,70499,66472,63663,70799,78515,70799,70799,51207,70799,Bye,68993,70799,62088,63916,70799,61313,70799,,2015
Seattle Seahawks,1097931,552162,545769,51792,78433,69002,69005,65004,69020,70799,91486,Bye,69005,68993,69055,52430,71179,69002,69080,64646,,2015
St. Louis Rams,957670,419220,538450,51792,72460,52433,63146,78432,Bye,51523,51207,52406,58653,71105,61022,51115,51202,51295,69080,70799,,2015
Tampa Bay Buccaneers,1041376,492460,548916,63945,73006,71718,57468,58490,Bye,72912,70524,64351,64113,69596,65696,58221,62138,51295,63734,74169,,2015
Tennessee Titans,1045359,498435,546924,63945,67431,65920,Bye,65670,62342,63329,71630,73075,63591,60121,58075,57355,78160,66829,62153,65733,,2015
Washington Redskins,1196087,609672,586415,76512,72460,76081,74767,70178,78160,72912,Bye,66829,75086,74418,77367,80444,61026,80124,69596,90127,,2015
Arizona Cardinals,1053326,495835,557491,61292,78344,61572,Bye,76895,61139,52101,61789,85688,61363,62487,68327,69557,62387,55880,63806,70699,,2014
Atlanta Falcons,1121026,577047,543979,70706,58574,70318,52173,80307,70712,71184,83532,Bye,57751,73314,70046,69557,77512,71161,73164,71015,,2014
Baltimore Ravens,1096129,568353,527776,70925,71181,67407,71218,65258,60041,71184,55711,63971,70914,Bye,73373,71060,70244,70801,71771,71070,,2014
Buffalo Bills,1085974,540180,545794,62425,69954,68611,71756,62775,70185,68477,78160,Bye,68119,71573,56044,68576,76913,70214,53436,68756,,2014
Carolina Panthers,1123313,588861,534452,62442,73586,73945,71218,73659,57053,78106,74042,73663,69596,73314,Bye,52016,73006,72842,73810,71015,,2014
Chicago Bears,1050366,493449,556917,62425,70799,78160,61736,73659,70712,62413,68756,Bye,78292,61792,61109,64175,61558,60996,61420,52364,,2014
Cincinnati Bengals,1025166,485628,539538,70925,58574,56743,Bye,68756,57053,66539,55711,60057,65871,73073,71777,56340,65512,67431,66107,64697,,2014
Cleveland Browns,1083855,539400,544455,64598,67407,67407,Bye,69143,67431,61341,67431,67431,65871,67431,70046,68576,67431,67431,73810,71070,,2014
Dallas Cowboys,1293046,720558,572488,91174,69143,58739,91176,91159,68432,91028,87055,85688,83603,Bye,80520,91379,61558,69596,91899,80897,,2014
Denver Broncos,1156767,615517,541250,76939,76900,68447,Bye,76895,78160,77047,76907,68756,54803,59401,76987,76894,76913,68682,66107,76929,,2014
Detroit Lions,1062760,504198,558562,64401,73586,62418,78160,62775,52213,63271,83532,Bye,63179,62487,68756,64175,61489,62490,61420,78408,,2014
Green Bay Packers,1148560,625114,523446,68424,78041,62418,61736,78054,70875,78106,73146,Bye,78292,78270,52386,78431,77512,70214,64247,78408,,2014
Houston Texans,1115983,574132,541851,71770,54063,77462,71756,91159,71787,56375,69143,71780,Bye,67431,71777,71714,61070,65148,71771,71777,,2014
Indianapolis Colts,1101258,523004,578254,76939,64871,60601,64757,65258,71787,66539,62479,77975,Bye,66751,64328,65352,67431,65148,91899,69143,,2014
Jacksonville Jaguars,1066627,524335,542292,69596,80037,60601,56553,66198,69143,61341,65633,60057,83603,Bye,64328,64687,61070,70801,61202,71777,,2014
Kansas City Chiefs,1127251,599743,527508,73569,76900,70313,76613,70799,Bye,65260,75972,74127,68119,76463,52865,76894,62387,72153,60865,73952,,2014
Miami Dolphins,1128798,560280,568518,70630,69954,70313,83436,Bye,70875,62413,65633,70222,63179,71573,76987,78160,70244,68756,66203,70220,,2014
Minnesota Vikings,940423,417906,522517,55919,52350,73005,52173,78054,52213,68477,56577,52252,Bye,61792,52386,52016,52152,62490,66203,52364,,2014
New England Patriots,1111983,550048,561935,70630,52350,68756,76613,68756,70185,68756,68756,68756,Bye,66751,68756,78431,68815,68756,78160,68756,,2014
New Orleans Saints,1133987,584900,549087,70706,67407,73005,91176,73004,Bye,63271,73146,73663,73129,73073,73373,61916,73006,60996,73164,59952,,2014
New York Giants,1195369,631738,563631,64401,78344,77462,80573,80307,69596,91028,Bye,77975,68352,80352,80520,64687,69143,77628,55851,79150,,2014
New York Jets,1157234,625280,531954,78160,78041,78160,78160,63471,78160,68756,78160,74127,78160,Bye,56044,78160,52152,69143,78160,70220,,2014
Oakland Raiders,1013469,459333,554136,78160,54063,68756,83436,Bye,53329,52101,67431,68337,54803,66720,52865,55650,55300,72153,53436,76929,,2014
Philadelphia Eagles,1153703,556768,596935,69596,64871,69596,70799,69596,69596,Bye,61789,71780,69596,78270,69596,91379,69596,69596,78897,79150,,2014
Pittsburgh Steelers,1060542,497811,562731,64598,71181,73945,62910,66198,67431,56375,62479,63971,78160,69143,Bye,61916,65512,71161,60865,64697,,2014
San Diego Chargers,1069529,523457,546072,61292,67916,68611,56553,63471,53329,65260,76907,70222,Bye,66720,66040,71060,68815,68682,70699,73952,,2014
San Francisco 49ers,1130143,566192,563951,91174,70799,61572,70799,70799,56851,77047,Bye,70799,73129,80352,70799,70799,55300,68526,70699,70699,,2014
Seattle Seahawks,1107297,547298,559999,68424,67916,68447,Bye,79522,68432,57855,74042,68337,68352,76463,68327,70799,69596,68526,63806,68453,,2014
St. Louis Rams,999412,456146,543266,55919,59923,58739,Bye,69596,56851,57855,75972,70799,61363,59401,66040,55650,71120,55880,55851,68453,,2014
Tampa Bay Buccaneers,1023818,477273,546545,62442,59923,70318,62910,73004,60041,Bye,56577,67431,57751,77442,61109,56340,61489,72842,64247,59952,,2014
Tennessee Titans,1096866,553144,543722,73569,69143,56743,64757,69143,69143,75227,69143,Bye,70914,69143,69596,71714,69143,69143,61202,69143,,2014
Washington Redskins,1179306,623715,555591,71770,80037,69596,80573,79522,61139,75227,87055,52252,Bye,77442,70799,65352,71120,77628,78897,80897,,2014
Arizona Cardinals,997710,488271,509439,55279,60034,73057,44956,60426,69732,61200,60671,Bye,60845,59862,60882,69144,60643,69143,68266,63570,,2013
Atlanta Falcons,1080805,561795,519010,72348,70056,70660,70744,70246,Bye,69522,60671,73720,70309,55360,70422,38969,77550,70069,69732,70427,,2013
Baltimore Ravens,1106022,569084,536938,76977,71098,71168,68296,68342,71319,62295,Bye,71513,70992,62367,71148,71005,70921,64742,71433,62406,,2013
Buffalo Bills,1032476,502842,529634,69519,67819,76957,68296,71239,67739,60592,72405,68159,60406,68036,Bye,38969,59194,60085,54305,68756,,2013
Carolina Panthers,1112229,587544,524685,73294,67819,73748,Bye,60426,63963,72686,59073,73720,69732,74225,60156,72795,73089,73251,73825,70427,,2013
Chicago Bears,1057075,498864,558211,62213,62181,61575,64552,62361,62374,83147,Bye,78122,62431,62367,66024,64134,62229,71513,69144,62708,,2013
Cincinnati Bengals,1001806,506377,495429,62213,64585,64633,71481,64259,67739,63207,62576,52388,70992,63856,Bye,61536,62507,45873,61555,62406,,2013
Cleveland Browns,1122750,569939,552811,71513,71098,63672,71481,71239,71513,77804,74307,71513,Bye,63856,71513,69654,68756,71513,76957,56361,,2013
Dallas Cowboys,1279578,704345,575233,85348,76952,80848,68601,92758,90239,69144,64379,85360,73018,Bye,80499,87572,62229,91054,80411,91166,,2013
Denver Broncos,1194145,614977,579168,76977,81285,76978,77002,92758,76862,67196,77031,Bye,68847,77076,68756,77065,76554,76497,71761,51500,,2013
Detroit Lions,1053841,510369,543472,62461,60034,80111,64552,78200,71513,63207,64379,Bye,62431,57905,62098,64934,69144,64742,63996,64134,,2013
Green Bay Packers,1191205,623577,567628,69732,78020,64633,Bye,78200,71319,77804,64134,78122,78011,79114,77871,64934,77550,91054,77999,62708,,2013
Houston Texans,1103683,573271,530412,59522,71718,71168,71756,69732,71104,74118,Bye,71778,60845,71726,71659,71769,60414,65470,71761,69143,,2013
Indianapolis Colts,1054693,527606,527087,65412,65406,69732,59695,66608,57954,67196,Bye,71778,66004,69143,60882,65502,62507,65470,75396,66008,,2013
Jacksonville Jaguars,1028219,503140,525079,59416,49400,68087,59695,54266,76862,59550,83559,Bye,69143,59862,71659,69654,60414,60085,60559,66008,,2013
Kansas City Chiefs,1118007,602877,515130,59416,76952,69144,73386,69143,76394,74118,74307,68159,Bye,77076,75259,77065,56247,49571,75396,66374,,2013
Miami Dolphins,1041545,514553,526992,71513,65406,70660,73118,68342,Bye,60592,68756,52388,64448,60256,60156,76957,52489,71863,54305,70296,,2013
Minnesota Vikings,1099551,531653,567898,62461,62181,63672,83518,Bye,63963,79314,64134,85360,64011,68235,77871,64134,70921,64087,61555,64134,,2013
New England Patriots,1120817,550048,570769,69519,68756,68756,70744,64259,68756,76957,68756,68756,Bye,74225,68756,71769,68756,71863,71433,68756,,2013
New Orleans Saints,1123230,583210,540020,72348,60870,73057,73118,62361,68756,Bye,72405,76957,73018,73025,70422,68387,73089,58442,73825,73150,,2013
New York Giants,1209532,641184,568348,85348,81285,73748,73386,80738,62374,79314,69144,Bye,80366,79114,80499,75220,65132,79691,63996,80177,,2013
New York Jets,1169108,615656,553452,76957,68756,76957,69143,70246,76957,76957,62576,76957,Bye,68036,71148,76957,76957,73251,76957,70296,,2013
Oakland Raiders,1004636,403556,601080,65412,49400,76978,53549,48834,76394,Bye,52950,51751,80366,71726,46001,87572,76957,49571,65675,51500,,2013
Philadelphia Eagles,1141155,553152,588003,82743,69144,69144,77002,80738,62505,69144,69144,51751,78011,69144,Bye,69144,69144,64087,69144,91166,,2013
Pittsburgh Steelers,1025772,458489,567283,61585,64585,61575,83518,Bye,76957,62295,52950,68756,60406,57905,71513,71005,52489,45873,77999,56361,,2013
San Diego Chargers,1052439,513641,538798,59522,69144,69143,68601,48834,57954,59550,Bye,80115,68847,60256,75259,61536,65132,76497,65675,66374,,2013
San Francisco 49ers,1116046,557856,558190,69732,68338,69732,56640,69732,69732,69143,83559,Bye,69732,73025,79773,69732,69732,64142,69732,63570,,2013
Seattle Seahawks,1094133,545577,548556,73294,68338,68087,71756,66608,68127,61200,55966,67873,70309,68235,Bye,68387,69732,79691,68266,68264,,2013
St. Louis Rams,1014994,455657,559337,55279,70056,80848,56640,54266,71104,72686,55966,54617,66004,Bye,66024,69732,60643,58442,54423,68264,,2013
Tampa Bay Buccaneers,1016122,470548,545574,76957,60870,68756,44956,Bye,62505,69522,59073,67873,64448,55360,62098,72795,59194,64142,54423,73150,,2013
Tennessee Titans,1057807,553144,504663,61585,71718,69143,69143,69143,68127,69143,Bye,54617,69143,69143,46001,65502,76554,69143,60559,69143,,2013
Washington Redskins,1200007,617767,582240,82743,78020,80111,53549,Bye,90239,83147,77031,80115,64011,69144,79773,75220,56247,70069,80411,80177,,2013
Arizona Cardinals,1028241,487125,541116,60032,68756,60436,60183,54653,60385,61068,62810,70504,Bye,69630,60062,79088,67685,60483,62734,69732,,2012
Atlanta Falcons,1102398,560773,541625,71180,70427,61297,69594,75337,69383,Bye,69144,70840,73126,69630,54400,70514,73292,70741,63849,69644,,2012
Baltimore Ravens,1109404,570229,539175,71064,69144,71269,70944,68803,71384,71708,Bye,65449,71339,63446,57882,71442,81178,71317,71470,61565,,2012
Buffalo Bills,1033263,495423,537840,79088,69402,69353,70684,69732,60385,68836,Bye,71698,68756,69118,64366,53971,68109,40770,54462,54533,,2012
Carolina Panthers,1108455,586347,522108,51533,72879,73951,69594,72676,Bye,73981,62254,79767,73939,72603,69144,62860,73292,53832,73026,73124,,2012
Chicago Bears,1056462,498633,557829,62341,70543,62224,90080,67012,Bye,62300,62254,69143,62410,69732,62306,62264,64134,62534,62734,64451,,2012
Cincinnati Bengals,1021414,489504,531910,71064,63036,80060,63030,61162,67060,63411,Bye,63623,56614,63336,56503,54980,63590,69144,63236,61565,,2012
Cleveland Browns,1065268,533058,532210,68693,63036,69353,70944,79911,67060,64560,65337,65449,Bye,81936,69661,43641,62422,65083,76351,51831,,2012
Dallas Cowboys,1290328,708249,582079,82287,68008,81984,90080,Bye,71384,73981,94067,70840,69144,81936,90166,81851,63590,95595,92570,82845,,2012
Denver Broncos,1157779,613062,544717,76823,70427,76566,76787,68756,68604,Bye,76832,63623,73939,76769,74244,76432,53807,71317,76351,76502,,2012
Detroit Lions,1038451,510158,528293,62315,69732,69143,63616,Bye,69144,62300,63497,63050,64059,63716,64827,63887,70382,60483,63849,64451,,2012
Green Bay Packers,1106110,564062,542048,70523,70543,68218,70571,67020,71702,64359,70464,70504,Bye,63716,80365,70567,70382,62534,70508,64134,,2012
Houston Texans,1123975,573321,550654,71566,62907,76566,71581,79088,71702,71708,Bye,71698,62410,71676,64827,69143,68756,71702,71688,66957,,2012
Indianapolis Colts,1062645,521518,541127,62341,63912,63536,Bye,67020,79088,64560,69143,66479,63272,68756,64366,63887,64688,71702,62938,66957,,2012
Jacksonville Jaguars,1010570,519872,490698,56607,62907,63536,63030,67012,Bye,51634,70464,63050,63272,71676,63323,53971,67027,53667,70251,69143,,2012
Kansas City Chiefs,1040043,548070,491973,71180,69402,72226,69979,68803,46500,Bye,74730,55831,57644,63336,74244,62860,62422,51446,62938,76502,,2012
Miami Dolphins,1005117,459033,546084,71566,54245,60102,60183,61162,52983,Bye,79088,66479,60165,69118,51295,72114,69732,53667,54462,68756,,2012
Minnesota Vikings,1019702,485802,533900,56607,63912,57288,63616,57652,78476,61068,60860,67584,64059,Bye,62306,70567,64134,55751,71688,64134,,2012
New England Patriots,1134734,550044,584690,69143,68756,71269,70684,68756,68137,68752,84004,Bye,68756,68756,79088,72114,68756,68756,70251,68756,,2012
New Orleans Saints,1163696,583107,580589,72180,72879,72226,70571,73109,Bye,58906,76832,73099,73126,56880,73147,70514,81437,73096,92570,73124,,2012
New York Giants,1229929,643964,585965,82287,76964,73951,69144,79911,69732,81352,94067,80991,56614,Bye,80365,80246,81437,70741,71470,80657,,2012
New York Jets,1142324,632704,509620,79088,64511,60102,79088,79088,79088,68752,79088,Bye,67841,57711,79088,79088,67027,69143,79088,54533,,2012
Oakland Raiders,976231,433732,542499,61896,54245,62373,76787,Bye,69383,51634,74730,52055,71339,56880,56503,43641,53807,51446,73026,66486,,2012
Philadelphia Eagles,1126893,553152,573741,68693,69144,60436,69144,64737,69144,Bye,69144,73099,69144,79327,69144,81851,64941,69144,69144,80657,,2012
Pittsburgh Steelers,1078574,489135,589439,76823,64511,62373,Bye,64737,69143,63411,62371,80991,57644,63446,69661,71442,61359,95595,63236,51831,,2012
San Diego Chargers,1022066,479716,542350,61896,60804,61297,69979,73109,68604,Bye,65337,55831,54813,76769,57882,54980,61359,53832,79088,66486,,2012
San Francisco 49ers,1094908,557856,537052,70523,69732,57288,79088,69732,69732,69732,62810,Bye,69732,69732,73147,57279,69732,68756,68161,69732,,2012
Seattle Seahawks,1017029,543570,473459,60032,68008,68218,53193,72676,68137,69732,63497,67584,67841,Bye,51295,62264,67685,40770,68161,67936,,2012
St. Louis Rams,975825,480929,494896,62315,53979,62224,53193,54653,52983,64359,84004,Bye,69732,57711,60062,57279,68109,55751,51535,67936,,2012
Tampa Bay Buccaneers,1004457,440819,563638,51533,76964,81984,58191,Bye,46500,58906,60860,52055,54813,72603,54400,76432,64941,73096,51535,69644,,2012
Tennessee Titans,1070701,553144,517557,69143,60804,69143,71581,57652,69143,68836,69143,69143,60165,Bye,63323,69143,64688,69143,70508,69143,,2012
Washington Redskins,1189702,637236,552466,72180,53979,80060,58191,75337,78476,81352,62371,79767,Bye,79327,90166,80246,81178,65083,69144,82845,,2012
Arizona Cardinals,1001663,489455,512208,60627,76330,66199,60496,62479,Bye,62475,71022,60628,69144,69732,56029,62180,60808,60443,41273,61798,,2011
Atlanta Falcons,1073420,551892,521528,62115,69608,46995,66266,69576,69047,63625,Bye,65218,70359,68164,68115,71545,72680,68856,73084,68167,,2011
Baltimore Ravens,1083902,569792,514110,71434,69143,56289,71247,Bye,71154,62976,71022,64851,66522,71320,71345,63648,71187,67242,71083,63439,,2011
Buffalo Bills,1032609,490443,542166,68755,68191,68174,41142,69803,79243,Bye,51579,70133,85157,57531,79088,56463,62494,60988,45112,68756,,2011
Carolina Panthers,1098587,578342,520245,60627,73167,71704,62135,72679,69047,73245,72095,Bye,72409,63633,63928,56270,72680,71540,70363,73065,,2011
Chicago Bears,1053343,497166,556177,62115,73019,62339,62135,67861,62322,76981,Bye,69144,62396,62344,59244,61973,76487,61542,70574,62867,,2011
Cincinnati Bengals,923005,394009,528996,67321,73281,43363,41142,61799,52068,Bye,66004,69143,63262,71320,48260,63697,41202,56431,41273,63439,,2011
Cleveland Browns,1030992,526874,504118,67321,65035,66651,66240,Bye,57300,66350,69732,71511,64900,63498,48260,63648,60754,60443,71083,68266,,2011
Dallas Cowboys,1258971,684096,574875,78702,69732,91017,78122,Bye,68756,80086,69144,81510,85157,80122,87418,62180,95952,65162,84834,81077,,2011
Denver Broncos,1109610,602618,506992,75671,73281,69143,70529,74895,Bye,63800,74977,58125,72908,74746,64436,62939,76487,76556,45112,76005,,2011
Detroit Lions,1041580,509940,531640,51274,60040,62466,78122,67861,62061,63625,74977,Bye,62396,63633,66263,73042,63988,59069,62469,70294,,2011
Green Bay Packers,1123023,564097,558926,70555,73167,62339,70529,69576,70604,63946,Bye,68908,70519,70498,66263,80634,70524,74093,70574,70294,,2011
Houston Texans,1059702,571969,487733,71444,51032,73002,71585,71420,71154,69143,71412,71511,56037,Bye,62004,71545,41202,71540,64159,71512,,2011
Indianapolis Colts,1050690,518627,532063,71444,65035,66309,63972,65088,52068,73012,69143,65218,64619,Bye,63928,68756,71187,64271,64159,62481,,2011
Jacksonville Jaguars,1049655,498655,551000,61619,78834,71704,62471,61799,62934,62976,71412,Bye,64619,63498,62004,62743,62562,68856,69143,62481,,2011
Kansas City Chiefs,1107206,576659,530547,68755,60040,62236,72931,65088,Bye,57361,72733,72263,72908,68756,72173,61973,79088,74093,70803,76005,,2011
Miami Dolphins,1064381,487089,577292,66860,51032,66651,63002,Bye,78912,63800,79302,72263,57007,57531,87418,57225,67823,60988,68756,65811,,2011
Minnesota Vikings,1047585,502529,545056,66716,62461,62466,72931,62479,62322,63946,72095,Bye,70519,62748,68115,62939,63988,62623,68370,62867,,2011
New England Patriots,1114691,550048,564643,66860,68756,68174,62572,68756,68756,Bye,64424,68756,79088,68756,69144,68756,77825,76556,68756,68756,,2011
New Orleans Saints,1105934,584335,521599,70555,73019,73002,62471,72679,56590,73012,57179,73043,70359,Bye,73068,73042,69143,62623,73084,73065,,2011
New York Giants,1232157,635800,596357,80121,78290,69144,60496,78650,79243,Bye,79302,68756,69732,79743,73068,80634,95952,78861,79088,81077,,2011
New York Jets,1187392,631888,555504,78702,78834,61546,71247,68756,78912,79088,Bye,70133,79088,74746,79088,74121,79088,69144,79088,65811,,2011
Oakland Raiders,1018629,473938,544691,75671,68191,61546,62572,71420,57300,57361,Bye,58125,68109,62748,59244,57225,70524,59069,70803,58721,,2011
Philadelphia Eagles,1129171,553152,576019,56722,69608,69144,69144,69803,80447,Bye,69144,69144,69144,79743,69144,67039,67823,69144,84834,69144,,2011
Pittsburgh Steelers,1049515,504279,545236,71434,63663,66309,71585,63875,62934,62475,64424,64851,63262,Bye,72173,63697,60754,69732,60081,68266,,2011
San Diego Chargers,1064892,523143,541749,66716,68756,62236,63002,74895,Bye,79088,72733,68908,68109,62344,64436,62743,62494,67242,62469,58721,,2011
San Francisco 49ers,1065296,557856,507440,69732,69732,43363,69144,69732,62061,Bye,69732,78032,69732,69732,71345,69732,60808,69732,66697,55990,,2011
Seattle Seahawks,1070956,531311,539645,69732,63663,66199,66266,78650,Bye,66350,66004,81510,66522,56400,66007,67039,66577,61542,66697,61798,,2011
St. Louis Rams,1002051,451153,550898,56722,78290,56289,56113,Bye,70604,80086,57179,60628,64900,56400,56029,69732,66577,56431,60081,55990,,2011
Tampa Bay Buccaneers,1019250,473281,545969,51274,62461,46995,63972,69732,56590,76981,Bye,73043,56037,70498,69143,56270,62562,65162,70363,68167,,2011
Tennessee Titans,1077697,553144,524553,61619,69143,69143,66240,63875,Bye,69143,69143,69143,72409,68164,69143,56463,69143,64271,69143,71512,,2011
Washington Redskins,1158341,615368,542973,80121,76330,91017,56113,Bye,80447,73245,51579,78032,57007,80122,66007,74121,77825,78861,68370,69144,,2011
Arizona Cardinals,1022730,502197,520533,52440,66824,62439,62189,62621,Bye,67132,61857,64120,61904,66247,62308,61874,62223,71849,66971,69732,,2010
Atlanta Falcons,1056190,542800,513390,63609,66824,70051,66874,65290,69144,67665,Bye,67266,68474,53005,68204,53955,71235,67101,70144,67349,,2010
Baltimore Ravens,1123436,569817,553619,78127,64071,71119,64729,71246,68756,71220,Bye,71305,68474,73021,70989,71418,71413,71432,65028,71088,,2010
Buffalo Bills,1034650,493112,541538,69295,70741,68756,69262,58304,Bye,71220,66625,50746,56721,55654,69642,64012,50861,65511,68281,79019,,2010
Carolina Panthers,1084908,580965,503943,77245,72577,72887,70016,73464,Bye,72741,52281,73191,44264,73021,64463,66577,71235,71849,61748,67349,,2010
Chicago Bears,1022863,497561,525302,62080,85168,62179,77716,73464,62137,62155,Bye,50746,62206,68752,62147,58119,62347,40504,62310,70833,,2010
Cincinnati Bengals,1033852,482917,550935,68756,64071,72887,66731,63888,Bye,67665,63179,65626,67404,55654,78903,59963,57501,56342,54194,71088,,2010
Cleveland Browns,1017907,528933,488974,47211,65377,71119,66731,65290,65168,70077,Bye,66292,67449,62254,64463,65942,50861,56342,65028,68303,,2010
Dallas Cowboys,1277973,696377,581596,90670,85168,71456,Bye,90616,64120,91375,81395,70913,80851,81261,93985,67471,85673,86904,66971,69144,,2010
Denver Broncos,1129448,599264,530184,63636,75130,76401,69143,71246,75982,75835,83941,Bye,75334,68482,72736,67267,62223,44246,73691,74155,,2010
Detroit Lions,977218,450286,526932,62080,56688,63377,70729,55714,78341,Bye,46329,57799,56721,81261,60965,58119,57659,47692,66731,57013,,2010
Green Bay Packers,1122668,566362,556306,69144,70741,62179,70729,87760,70815,71107,78484,70913,Bye,64120,68204,70575,57659,68756,70649,70833,,2010
Houston Texans,1108625,568643,539982,70974,88240,71456,32218,71110,70926,Bye,66363,70886,62340,78843,70855,69144,71413,69143,73691,71023,,2010
Indianapolis Colts,1093781,535802,557979,70974,67275,76401,63111,66869,87883,Bye,66363,69144,67404,68756,66085,67471,69143,67147,52567,67188,,2010
Jacksonville Jaguars,1061603,504262,557341,63636,62691,63256,63111,58304,63625,69105,81395,Bye,62340,62254,78533,69143,62570,67147,63470,71023,,2010
Kansas City Chiefs,1069780,541380,528400,71297,65377,68188,Bye,66869,70926,69105,66625,61075,75334,66247,66370,67267,66780,55669,65606,67045,,2010
Miami Dolphins,1077049,541959,535090,69295,63846,70481,69090,Bye,70815,69867,63179,71305,65585,68752,48946,65942,78948,65511,66731,68756,,2010
Minnesota Vikings,1029797,470009,559788,70051,63846,63377,Bye,77909,64120,71107,68756,64120,62206,64120,83602,64012,45910,40504,69144,57013,,2010
New England Patriots,1088753,550048,538705,68756,78535,68756,69090,Bye,68756,68836,68756,66292,64359,68756,60965,68756,62347,68756,68281,68756,,2010
New Orleans Saints,1113131,560304,552827,70051,69732,70051,70016,62621,51759,70077,70011,73191,Bye,70015,93985,59963,70015,71432,70144,70068,,2010
New York Giants,1190095,631156,558939,77245,67275,78386,77716,71110,78341,91375,Bye,67287,80851,69144,78533,78861,45910,81223,70649,76189,,2010
New York Jets,1163375,628768,534607,78127,78535,70481,69262,77909,75982,Bye,78484,57799,67449,78843,78903,68756,78948,62568,62310,79019,,2010
Oakland Raiders,911382,371448,539934,69143,48396,62439,32218,48279,69732,75835,35721,61075,Bye,64987,48946,68183,62570,44246,52567,67045,,2010
Philadelphia Eagles,1125926,553152,572774,69144,56688,63256,69144,69732,69144,69143,Bye,69144,84912,69144,62147,69144,85673,81223,69144,69144,,2010
Pittsburgh Steelers,1049715,504669,545046,63609,69143,61036,64729,Bye,65168,69867,70011,65626,64359,64987,69642,71418,57501,62568,61748,68303,,2010
San Diego Chargers,1028715,524241,504474,71297,62691,67106,62189,48279,52472,68836,59260,70886,Bye,68482,66085,68183,66780,67820,54194,74155,,2010
San Francisco 49ers,1100435,572065,528370,67044,69732,68188,66874,69732,69732,72741,83941,Bye,69732,69732,62308,70575,69732,67820,52820,69732,,2010
Seattle Seahawks,1009483,535942,473541,67044,75130,67106,52326,Bye,62137,67132,35721,67287,61904,70015,66370,66577,69732,67101,46576,67325,,2010
St. Louis Rams,911195,423383,487812,52440,48396,52370,52326,55714,52472,42020,52281,Bye,69732,53005,72736,61874,70015,55669,52820,67325,,2010
Tampa Bay Buccaneers,937014,394513,542501,47211,72577,61036,Bye,63888,51759,42020,61857,67266,44264,69732,70989,53955,66124,47692,46576,70068,,2010
Tennessee Titans,1114265,553144,561121,69143,69143,78386,69143,90616,63625,69143,59260,Bye,65585,69143,70855,69143,69143,69143,65606,67188,,2010
Washington Redskins,1193756,665380,528376,90670,88240,52370,69144,87760,87883,62155,46329,Bye,84912,69143,83602,78861,66124,86904,63470,76189,,2010
